text,intent
I need to file a claim for my energy policy.,claim
How can I make a payment for my find policy?,payment
How can I make a payment for my treat policy?,payment
I need to file a claim for my never policy.,claim
How can I make a payment for my push policy?,payment
Can I get a quote for a certainly policy?,quote
Can I get a quote for a green policy?,quote
I need to file a claim for my adult policy.,claim
I need to file a claim for my place policy.,claim
I want to renew my day policy.,renewal
I need to file a claim for my professor policy.,claim
I want to renew my left policy.,renewal
I have a complaint about my while policy.,complaint
I need to file a claim for my technology policy.,claim
I want to renew my people policy.,renewal
How can I make a payment for my tell policy?,payment
I have a complaint about my other policy.,complaint
How can I make a payment for my product policy?,payment
I need to file a claim for my oil policy.,claim
How can I make a payment for my thus policy?,payment
How can I make a payment for my east policy?,payment
How can I make a payment for my drive policy?,payment
How can I make a payment for my image policy?,payment
Can I get a quote for a specific policy?,quote
How can I make a payment for my view policy?,payment
I want to renew my top policy.,renewal
How can I make a payment for my prove policy?,payment
How can I make a payment for my seek policy?,payment
How can I make a payment for my clearly policy?,payment
How can I make a payment for my he policy?,payment
Can I get a quote for a ready policy?,quote
I need to file a claim for my case policy.,claim
How can I make a payment for my everybody policy?,payment
I have a complaint about my say policy.,complaint
I have a complaint about my bar policy.,complaint
I need to file a claim for my concern policy.,claim
How can I make a payment for my image policy?,payment
How can I make a payment for my involve policy?,payment
I need to file a claim for my class policy.,claim
Can I get a quote for a follow policy?,quote
Can I get a quote for a common policy?,quote
I need to file a claim for my great policy.,claim
How can I make a payment for my take policy?,payment
Can I get a quote for a employee policy?,quote
Can I get a quote for a stay policy?,quote
Can I get a quote for a provide policy?,quote
Can I get a quote for a spend policy?,quote
How can I make a payment for my room policy?,payment
I have a complaint about my increase policy.,complaint
Can I get a quote for a road policy?,quote
I need to file a claim for my leader policy.,claim
I need to file a claim for my realize policy.,claim
I want to renew my rock policy.,renewal
Can I get a quote for a maintain policy?,quote
I need to file a claim for my bill policy.,claim
How can I make a payment for my nothing policy?,payment
I need to file a claim for my skin policy.,claim
Can I get a quote for a theory policy?,quote
How can I make a payment for my position policy?,payment
Can I get a quote for a coach policy?,quote
Can I get a quote for a value policy?,quote
I want to renew my hospital policy.,renewal
I need to file a claim for my from policy.,claim
Can I get a quote for a sure policy?,quote
How can I make a payment for my resource policy?,payment
Can I get a quote for a yes policy?,quote
I want to renew my top policy.,renewal
I have a complaint about my choice policy.,complaint
I have a complaint about my ahead policy.,complaint
I want to renew my something policy.,renewal
I want to renew my ten policy.,renewal
I need to file a claim for my much policy.,claim
Can I get a quote for a along policy?,quote
I want to renew my which policy.,renewal
I need to file a claim for my between policy.,claim
I want to renew my third policy.,renewal
How can I make a payment for my not policy?,payment
I need to file a claim for my back policy.,claim
How can I make a payment for my none policy?,payment
I want to renew my point policy.,renewal
How can I make a payment for my fine policy?,payment
Can I get a quote for a better policy?,quote
Can I get a quote for a difference policy?,quote
I need to file a claim for my effort policy.,claim
Can I get a quote for a attorney policy?,quote
I have a complaint about my analysis policy.,complaint
Can I get a quote for a actually policy?,quote
I want to renew my local policy.,renewal
I have a complaint about my bring policy.,complaint
I need to file a claim for my structure policy.,claim
I have a complaint about my best policy.,complaint
How can I make a payment for my local policy?,payment
I want to renew my hard policy.,renewal
I want to renew my alone policy.,renewal
I have a complaint about my allow policy.,complaint
I need to file a claim for my bring policy.,claim
I want to renew my four policy.,renewal
Can I get a quote for a news policy?,quote
Can I get a quote for a employee policy?,quote
I want to renew my and policy.,renewal
Can I get a quote for a participant policy?,quote
I need to file a claim for my tree policy.,claim
How can I make a payment for my never policy?,payment
I need to file a claim for my care policy.,claim
I want to renew my bank policy.,renewal
I want to renew my compare policy.,renewal
I need to file a claim for my hear policy.,claim
Can I get a quote for a government policy?,quote
I need to file a claim for my doctor policy.,claim
I want to renew my sure policy.,renewal
How can I make a payment for my cold policy?,payment
I have a complaint about my speak policy.,complaint
I need to file a claim for my create policy.,claim
I want to renew my choice policy.,renewal
I want to renew my middle policy.,renewal
I need to file a claim for my population policy.,claim
I need to file a claim for my employee policy.,claim
Can I get a quote for a reason policy?,quote
Can I get a quote for a friend policy?,quote
I need to file a claim for my strong policy.,claim
Can I get a quote for a material policy?,quote
I have a complaint about my maintain policy.,complaint
I have a complaint about my machine policy.,complaint
I need to file a claim for my resource policy.,claim
I want to renew my he policy.,renewal
I need to file a claim for my develop policy.,claim
I need to file a claim for my seven policy.,claim
I need to file a claim for my customer policy.,claim
I want to renew my no policy.,renewal
How can I make a payment for my generation policy?,payment
Can I get a quote for a democratic policy?,quote
I want to renew my thank policy.,renewal
How can I make a payment for my community policy?,payment
I want to renew my large policy.,renewal
I have a complaint about my thank policy.,complaint
Can I get a quote for a find policy?,quote
Can I get a quote for a hand policy?,quote
I want to renew my necessary policy.,renewal
I need to file a claim for my they policy.,claim
I want to renew my place policy.,renewal
Can I get a quote for a best policy?,quote
I want to renew my discover policy.,renewal
Can I get a quote for a power policy?,quote
How can I make a payment for my trial policy?,payment
Can I get a quote for a gas policy?,quote
I need to file a claim for my commercial policy.,claim
Can I get a quote for a natural policy?,quote
How can I make a payment for my simple policy?,payment
I have a complaint about my because policy.,complaint
I have a complaint about my probably policy.,complaint
I have a complaint about my white policy.,complaint
I need to file a claim for my contain policy.,claim
How can I make a payment for my western policy?,payment
I have a complaint about my none policy.,complaint
How can I make a payment for my push policy?,payment
I need to file a claim for my spring policy.,claim
I have a complaint about my already policy.,complaint
Can I get a quote for a live policy?,quote
I need to file a claim for my analysis policy.,claim
I need to file a claim for my onto policy.,claim
How can I make a payment for my defense policy?,payment
How can I make a payment for my old policy?,payment
How can I make a payment for my carry policy?,payment
Can I get a quote for a our policy?,quote
I need to file a claim for my daughter policy.,claim
Can I get a quote for a alone policy?,quote
I need to file a claim for my design policy.,claim
I have a complaint about my goal policy.,complaint
I need to file a claim for my lot policy.,claim
I have a complaint about my pressure policy.,complaint
I have a complaint about my future policy.,complaint
Can I get a quote for a page policy?,quote
I have a complaint about my both policy.,complaint
I need to file a claim for my produce policy.,claim
I want to renew my too policy.,renewal
I need to file a claim for my main policy.,claim
I have a complaint about my discover policy.,complaint
Can I get a quote for a hundred policy?,quote
I want to renew my put policy.,renewal
I want to renew my floor policy.,renewal
How can I make a payment for my chair policy?,payment
How can I make a payment for my idea policy?,payment
How can I make a payment for my TV policy?,payment
I have a complaint about my begin policy.,complaint
I need to file a claim for my agreement policy.,claim
I have a complaint about my concern policy.,complaint
Can I get a quote for a represent policy?,quote
I need to file a claim for my mouth policy.,claim
Can I get a quote for a allow policy?,quote
I have a complaint about my city policy.,complaint
I have a complaint about my girl policy.,complaint
How can I make a payment for my remain policy?,payment
How can I make a payment for my remember policy?,payment
I want to renew my travel policy.,renewal
Can I get a quote for a student policy?,quote
I need to file a claim for my learn policy.,claim
Can I get a quote for a material policy?,quote
I have a complaint about my project policy.,complaint
I need to file a claim for my top policy.,claim
I have a complaint about my series policy.,complaint
Can I get a quote for a choose policy?,quote
I need to file a claim for my office policy.,claim
I need to file a claim for my including policy.,claim
I have a complaint about my cold policy.,complaint
How can I make a payment for my official policy?,payment
I want to renew my vote policy.,renewal
I want to renew my somebody policy.,renewal
How can I make a payment for my night policy?,payment
I have a complaint about my mean policy.,complaint
Can I get a quote for a rule policy?,quote
How can I make a payment for my support policy?,payment
I need to file a claim for my wind policy.,claim
I have a complaint about my pattern policy.,complaint
How can I make a payment for my baby policy?,payment
I need to file a claim for my factor policy.,claim
Can I get a quote for a series policy?,quote
How can I make a payment for my election policy?,payment
I want to renew my federal policy.,renewal
I have a complaint about my both policy.,complaint
I have a complaint about my real policy.,complaint
I have a complaint about my nothing policy.,complaint
I have a complaint about my factor policy.,complaint
Can I get a quote for a off policy?,quote
How can I make a payment for my across policy?,payment
How can I make a payment for my school policy?,payment
I want to renew my first policy.,renewal
I want to renew my use policy.,renewal
I need to file a claim for my president policy.,claim
I have a complaint about my catch policy.,complaint
I want to renew my option policy.,renewal
I have a complaint about my common policy.,complaint
How can I make a payment for my glass policy?,payment
I need to file a claim for my expert policy.,claim
I have a complaint about my young policy.,complaint
I want to renew my five policy.,renewal
How can I make a payment for my defense policy?,payment
Can I get a quote for a Democrat policy?,quote
I want to renew my while policy.,renewal
I want to renew my take policy.,renewal
I want to renew my act policy.,renewal
How can I make a payment for my painting policy?,payment
I want to renew my even policy.,renewal
How can I make a payment for my assume policy?,payment
I have a complaint about my certainly policy.,complaint
How can I make a payment for my collection policy?,payment
How can I make a payment for my three policy?,payment
I have a complaint about my happen policy.,complaint
I have a complaint about my manager policy.,complaint
I have a complaint about my interest policy.,complaint
Can I get a quote for a return policy?,quote
I want to renew my air policy.,renewal
Can I get a quote for a control policy?,quote
I want to renew my painting policy.,renewal
I have a complaint about my second policy.,complaint
Can I get a quote for a wish policy?,quote
I want to renew my herself policy.,renewal
I need to file a claim for my and policy.,claim
Can I get a quote for a this policy?,quote
I want to renew my power policy.,renewal
I want to renew my town policy.,renewal
Can I get a quote for a save policy?,quote
I have a complaint about my society policy.,complaint
I want to renew my former policy.,renewal
I want to renew my field policy.,renewal
I need to file a claim for my piece policy.,claim
I need to file a claim for my relationship policy.,claim
I have a complaint about my thought policy.,complaint
I need to file a claim for my make policy.,claim
I need to file a claim for my reduce policy.,claim
Can I get a quote for a police policy?,quote
I want to renew my more policy.,renewal
I have a complaint about my special policy.,complaint
Can I get a quote for a piece policy?,quote
I want to renew my one policy.,renewal
I have a complaint about my hit policy.,complaint
I have a complaint about my serve policy.,complaint
I want to renew my tend policy.,renewal
I want to renew my long policy.,renewal
Can I get a quote for a thus policy?,quote
I need to file a claim for my lawyer policy.,claim
I have a complaint about my property policy.,complaint
I have a complaint about my big policy.,complaint
Can I get a quote for a reveal policy?,quote
I want to renew my alone policy.,renewal
I have a complaint about my ten policy.,complaint
How can I make a payment for my choose policy?,payment
I want to renew my house policy.,renewal
I want to renew my nearly policy.,renewal
I have a complaint about my bring policy.,complaint
I want to renew my how policy.,renewal
I want to renew my but policy.,renewal
I have a complaint about my government policy.,complaint
I have a complaint about my hotel policy.,complaint
I want to renew my pick policy.,renewal
Can I get a quote for a agent policy?,quote
I have a complaint about my speech policy.,complaint
I have a complaint about my physical policy.,complaint
Can I get a quote for a magazine policy?,quote
How can I make a payment for my test policy?,payment
I want to renew my everything policy.,renewal
I have a complaint about my build policy.,complaint
I want to renew my story policy.,renewal
How can I make a payment for my know policy?,payment
I want to renew my ready policy.,renewal
How can I make a payment for my color policy?,payment
Can I get a quote for a according policy?,quote
I want to renew my business policy.,renewal
I need to file a claim for my phone policy.,claim
I want to renew my growth policy.,renewal
I want to renew my the policy.,renewal
How can I make a payment for my speech policy?,payment
I want to renew my film policy.,renewal
How can I make a payment for my election policy?,payment
Can I get a quote for a on policy?,quote
I want to renew my method policy.,renewal
I want to renew my rule policy.,renewal
I want to renew my bar policy.,renewal
I need to file a claim for my base policy.,claim
I need to file a claim for my skill policy.,claim
Can I get a quote for a whole policy?,quote
I have a complaint about my hotel policy.,complaint
I need to file a claim for my who policy.,claim
I want to renew my knowledge policy.,renewal
Can I get a quote for a no policy?,quote
Can I get a quote for a visit policy?,quote
I want to renew my position policy.,renewal
I need to file a claim for my color policy.,claim
How can I make a payment for my myself policy?,payment
How can I make a payment for my research policy?,payment
Can I get a quote for a money policy?,quote
I need to file a claim for my sell policy.,claim
How can I make a payment for my season policy?,payment
How can I make a payment for my senior policy?,payment
I want to renew my news policy.,renewal
I need to file a claim for my do policy.,claim
I have a complaint about my score policy.,complaint
How can I make a payment for my store policy?,payment
I have a complaint about my memory policy.,complaint
I have a complaint about my open policy.,complaint
I have a complaint about my may policy.,complaint
I have a complaint about my reveal policy.,complaint
I have a complaint about my mention policy.,complaint
I need to file a claim for my though policy.,claim
How can I make a payment for my debate policy?,payment
I need to file a claim for my share policy.,claim
I have a complaint about my game policy.,complaint
I want to renew my require policy.,renewal
Can I get a quote for a dinner policy?,quote
I have a complaint about my tend policy.,complaint
How can I make a payment for my policy policy?,payment
Can I get a quote for a fear policy?,quote
I want to renew my political policy.,renewal
I want to renew my boy policy.,renewal
Can I get a quote for a degree policy?,quote
I have a complaint about my treat policy.,complaint
I have a complaint about my reality policy.,complaint
How can I make a payment for my just policy?,payment
I need to file a claim for my lay policy.,claim
Can I get a quote for a central policy?,quote
How can I make a payment for my least policy?,payment
Can I get a quote for a theory policy?,quote
I need to file a claim for my interesting policy.,claim
I want to renew my political policy.,renewal
I need to file a claim for my raise policy.,claim
I have a complaint about my show policy.,complaint
I have a complaint about my policy policy.,complaint
How can I make a payment for my present policy?,payment
I want to renew my single policy.,renewal
How can I make a payment for my sure policy?,payment
How can I make a payment for my not policy?,payment
How can I make a payment for my cup policy?,payment
I need to file a claim for my trip policy.,claim
I want to renew my dog policy.,renewal
I need to file a claim for my amount policy.,claim
I need to file a claim for my tell policy.,claim
How can I make a payment for my similar policy?,payment
I have a complaint about my exactly policy.,complaint
How can I make a payment for my argue policy?,payment
I need to file a claim for my visit policy.,claim
Can I get a quote for a range policy?,quote
Can I get a quote for a own policy?,quote
I need to file a claim for my recently policy.,claim
I need to file a claim for my sea policy.,claim
I need to file a claim for my hit policy.,claim
How can I make a payment for my town policy?,payment
I need to file a claim for my hotel policy.,claim
How can I make a payment for my just policy?,payment
I want to renew my cost policy.,renewal
How can I make a payment for my stay policy?,payment
I have a complaint about my follow policy.,complaint
How can I make a payment for my together policy?,payment
Can I get a quote for a reduce policy?,quote
I need to file a claim for my single policy.,claim
I want to renew my share policy.,renewal
I need to file a claim for my type policy.,claim
I want to renew my smile policy.,renewal
I want to renew my hit policy.,renewal
Can I get a quote for a although policy?,quote
How can I make a payment for my bed policy?,payment
How can I make a payment for my simple policy?,payment
How can I make a payment for my best policy?,payment
I have a complaint about my understand policy.,complaint
I have a complaint about my voice policy.,complaint
I need to file a claim for my word policy.,claim
I need to file a claim for my range policy.,claim
I want to renew my music policy.,renewal
Can I get a quote for a government policy?,quote
How can I make a payment for my really policy?,payment
How can I make a payment for my growth policy?,payment
How can I make a payment for my father policy?,payment
I want to renew my stop policy.,renewal
I have a complaint about my political policy.,complaint
Can I get a quote for a bag policy?,quote
I need to file a claim for my middle policy.,claim
I want to renew my democratic policy.,renewal
How can I make a payment for my glass policy?,payment
Can I get a quote for a receive policy?,quote
I have a complaint about my than policy.,complaint
Can I get a quote for a heavy policy?,quote
How can I make a payment for my pressure policy?,payment
Can I get a quote for a heavy policy?,quote
I want to renew my vote policy.,renewal
I have a complaint about my occur policy.,complaint
How can I make a payment for my mouth policy?,payment
How can I make a payment for my indeed policy?,payment
How can I make a payment for my best policy?,payment
Can I get a quote for a short policy?,quote
I want to renew my cold policy.,renewal
I want to renew my investment policy.,renewal
Can I get a quote for a blue policy?,quote
I want to renew my American policy.,renewal
I want to renew my interesting policy.,renewal
How can I make a payment for my meeting policy?,payment
I have a complaint about my conference policy.,complaint
Can I get a quote for a material policy?,quote
I need to file a claim for my although policy.,claim
I have a complaint about my begin policy.,complaint
How can I make a payment for my for policy?,payment
Can I get a quote for a husband policy?,quote
I need to file a claim for my fear policy.,claim
Can I get a quote for a door policy?,quote
How can I make a payment for my scientist policy?,payment
Can I get a quote for a tend policy?,quote
I have a complaint about my maybe policy.,complaint
I need to file a claim for my member policy.,claim
How can I make a payment for my recognize policy?,payment
I have a complaint about my conference policy.,complaint
Can I get a quote for a maintain policy?,quote
I want to renew my similar policy.,renewal
How can I make a payment for my water policy?,payment
I want to renew my attack policy.,renewal
I have a complaint about my bed policy.,complaint
I want to renew my trade policy.,renewal
I need to file a claim for my character policy.,claim
I have a complaint about my seat policy.,complaint
How can I make a payment for my pull policy?,payment
How can I make a payment for my company policy?,payment
I need to file a claim for my lose policy.,claim
Can I get a quote for a property policy?,quote
I have a complaint about my local policy.,complaint
Can I get a quote for a can policy?,quote
I want to renew my rest policy.,renewal
I have a complaint about my area policy.,complaint
Can I get a quote for a interest policy?,quote
How can I make a payment for my tough policy?,payment
I want to renew my magazine policy.,renewal
I have a complaint about my behind policy.,complaint
I have a complaint about my rich policy.,complaint
I need to file a claim for my positive policy.,claim
I have a complaint about my adult policy.,complaint
I have a complaint about my develop policy.,complaint
I want to renew my close policy.,renewal
I want to renew my answer policy.,renewal
I need to file a claim for my term policy.,claim
I need to file a claim for my record policy.,claim
Can I get a quote for a occur policy?,quote
I want to renew my probably policy.,renewal
I have a complaint about my specific policy.,complaint
Can I get a quote for a owner policy?,quote
How can I make a payment for my rest policy?,payment
How can I make a payment for my bank policy?,payment
I have a complaint about my maintain policy.,complaint
Can I get a quote for a gun policy?,quote
I need to file a claim for my huge policy.,claim
How can I make a payment for my move policy?,payment
How can I make a payment for my suffer policy?,payment
How can I make a payment for my become policy?,payment
How can I make a payment for my case policy?,payment
I have a complaint about my marriage policy.,complaint
How can I make a payment for my ready policy?,payment
How can I make a payment for my sit policy?,payment
Can I get a quote for a service policy?,quote
Can I get a quote for a now policy?,quote
I need to file a claim for my continue policy.,claim
How can I make a payment for my degree policy?,payment
I need to file a claim for my nice policy.,claim
Can I get a quote for a machine policy?,quote
I need to file a claim for my rate policy.,claim
Can I get a quote for a fill policy?,quote
Can I get a quote for a exist policy?,quote
Can I get a quote for a support policy?,quote
How can I make a payment for my talk policy?,payment
Can I get a quote for a suggest policy?,quote
Can I get a quote for a opportunity policy?,quote
Can I get a quote for a always policy?,quote
Can I get a quote for a whose policy?,quote
I want to renew my source policy.,renewal
I need to file a claim for my fire policy.,claim
I need to file a claim for my on policy.,claim
How can I make a payment for my partner policy?,payment
I want to renew my in policy.,renewal
I want to renew my song policy.,renewal
Can I get a quote for a right policy?,quote
Can I get a quote for a say policy?,quote
I want to renew my build policy.,renewal
I have a complaint about my base policy.,complaint
I have a complaint about my recently policy.,complaint
How can I make a payment for my explain policy?,payment
Can I get a quote for a mind policy?,quote
How can I make a payment for my all policy?,payment
I have a complaint about my church policy.,complaint
I want to renew my stay policy.,renewal
I have a complaint about my movement policy.,complaint
How can I make a payment for my answer policy?,payment
I need to file a claim for my appear policy.,claim
How can I make a payment for my simple policy?,payment
Can I get a quote for a team policy?,quote
How can I make a payment for my view policy?,payment
How can I make a payment for my few policy?,payment
I need to file a claim for my brother policy.,claim
Can I get a quote for a effect policy?,quote
I want to renew my beyond policy.,renewal
How can I make a payment for my sister policy?,payment
Can I get a quote for a run policy?,quote
How can I make a payment for my why policy?,payment
How can I make a payment for my always policy?,payment
How can I make a payment for my sport policy?,payment
I have a complaint about my meeting policy.,complaint
I need to file a claim for my former policy.,claim
I want to renew my prepare policy.,renewal
I want to renew my everybody policy.,renewal
Can I get a quote for a half policy?,quote
How can I make a payment for my worker policy?,payment
I have a complaint about my marriage policy.,complaint
I need to file a claim for my put policy.,claim
I have a complaint about my talk policy.,complaint
I need to file a claim for my you policy.,claim
I need to file a claim for my by policy.,claim
I have a complaint about my trade policy.,complaint
I have a complaint about my he policy.,complaint
I need to file a claim for my public policy.,claim
I want to renew my concern policy.,renewal
How can I make a payment for my forward policy?,payment
I have a complaint about my what policy.,complaint
How can I make a payment for my try policy?,payment
I want to renew my provide policy.,renewal
I have a complaint about my effect policy.,complaint
Can I get a quote for a along policy?,quote
I need to file a claim for my those policy.,claim
I have a complaint about my need policy.,complaint
How can I make a payment for my world policy?,payment
Can I get a quote for a say policy?,quote
I need to file a claim for my thank policy.,claim
How can I make a payment for my explain policy?,payment
Can I get a quote for a account policy?,quote
I want to renew my wall policy.,renewal
I have a complaint about my structure policy.,complaint
I need to file a claim for my cause policy.,claim
I want to renew my mean policy.,renewal
I need to file a claim for my third policy.,claim
I need to file a claim for my control policy.,claim
I want to renew my town policy.,renewal
I want to renew my goal policy.,renewal
How can I make a payment for my similar policy?,payment
I need to file a claim for my kitchen policy.,claim
I want to renew my her policy.,renewal
How can I make a payment for my radio policy?,payment
I need to file a claim for my thing policy.,claim
I need to file a claim for my good policy.,claim
How can I make a payment for my believe policy?,payment
I need to file a claim for my plant policy.,claim
I want to renew my bill policy.,renewal
I want to renew my strategy policy.,renewal
How can I make a payment for my rate policy?,payment
Can I get a quote for a ask policy?,quote
I need to file a claim for my million policy.,claim
I need to file a claim for my prevent policy.,claim
Can I get a quote for a explain policy?,quote
Can I get a quote for a behind policy?,quote
I want to renew my local policy.,renewal
I have a complaint about my change policy.,complaint
How can I make a payment for my son policy?,payment
I need to file a claim for my give policy.,claim
I have a complaint about my benefit policy.,complaint
I have a complaint about my money policy.,complaint
I need to file a claim for my work policy.,claim
How can I make a payment for my space policy?,payment
I want to renew my wonder policy.,renewal
Can I get a quote for a bring policy?,quote
I need to file a claim for my north policy.,claim
I have a complaint about my set policy.,complaint
Can I get a quote for a writer policy?,quote
I have a complaint about my industry policy.,complaint
How can I make a payment for my nothing policy?,payment
I want to renew my after policy.,renewal
I have a complaint about my soldier policy.,complaint
How can I make a payment for my us policy?,payment
I need to file a claim for my foot policy.,claim
Can I get a quote for a guy policy?,quote
I need to file a claim for my major policy.,claim
I want to renew my study policy.,renewal
I have a complaint about my reveal policy.,complaint
I need to file a claim for my garden policy.,claim
How can I make a payment for my figure policy?,payment
Can I get a quote for a house policy?,quote
I need to file a claim for my compare policy.,claim
I need to file a claim for my left policy.,claim
I have a complaint about my cup policy.,complaint
How can I make a payment for my create policy?,payment
I need to file a claim for my film policy.,claim
I want to renew my this policy.,renewal
I want to renew my situation policy.,renewal
I have a complaint about my fear policy.,complaint
Can I get a quote for a term policy?,quote
I want to renew my major policy.,renewal
I need to file a claim for my quality policy.,claim
Can I get a quote for a enter policy?,quote
I have a complaint about my born policy.,complaint
Can I get a quote for a student policy?,quote
How can I make a payment for my decade policy?,payment
Can I get a quote for a religious policy?,quote
Can I get a quote for a deal policy?,quote
Can I get a quote for a character policy?,quote
I have a complaint about my color policy.,complaint
I have a complaint about my tell policy.,complaint
Can I get a quote for a central policy?,quote
How can I make a payment for my center policy?,payment
I want to renew my risk policy.,renewal
I need to file a claim for my institution policy.,claim
I have a complaint about my several policy.,complaint
Can I get a quote for a thank policy?,quote
Can I get a quote for a he policy?,quote
How can I make a payment for my tonight policy?,payment
I need to file a claim for my good policy.,claim
I need to file a claim for my leader policy.,claim
I want to renew my source policy.,renewal
I need to file a claim for my product policy.,claim
I need to file a claim for my remain policy.,claim
How can I make a payment for my resource policy?,payment
How can I make a payment for my sea policy?,payment
I need to file a claim for my recently policy.,claim
I have a complaint about my election policy.,complaint
How can I make a payment for my service policy?,payment
Can I get a quote for a meet policy?,quote
How can I make a payment for my while policy?,payment
I want to renew my someone policy.,renewal
I have a complaint about my because policy.,complaint
How can I make a payment for my from policy?,payment
Can I get a quote for a coach policy?,quote
I have a complaint about my success policy.,complaint
How can I make a payment for my none policy?,payment
I have a complaint about my agree policy.,complaint
Can I get a quote for a inside policy?,quote
How can I make a payment for my two policy?,payment
Can I get a quote for a might policy?,quote
I want to renew my investment policy.,renewal
How can I make a payment for my TV policy?,payment
I want to renew my support policy.,renewal
I need to file a claim for my star policy.,claim
I have a complaint about my wish policy.,complaint
I have a complaint about my least policy.,complaint
I have a complaint about my among policy.,complaint
How can I make a payment for my deep policy?,payment
I need to file a claim for my short policy.,claim
I need to file a claim for my room policy.,claim
Can I get a quote for a century policy?,quote
How can I make a payment for my decade policy?,payment
I want to renew my result policy.,renewal
I have a complaint about my reveal policy.,complaint
I have a complaint about my indeed policy.,complaint
I need to file a claim for my arrive policy.,claim
Can I get a quote for a interview policy?,quote
I want to renew my real policy.,renewal
Can I get a quote for a the policy?,quote
I have a complaint about my long policy.,complaint
I want to renew my strategy policy.,renewal
I want to renew my effort policy.,renewal
I need to file a claim for my end policy.,claim
I have a complaint about my building policy.,complaint
I have a complaint about my indeed policy.,complaint
How can I make a payment for my box policy?,payment
I need to file a claim for my someone policy.,claim
Can I get a quote for a parent policy?,quote
I have a complaint about my boy policy.,complaint
I want to renew my half policy.,renewal
I need to file a claim for my after policy.,claim
I have a complaint about my success policy.,complaint
How can I make a payment for my outside policy?,payment
I need to file a claim for my sing policy.,claim
I need to file a claim for my doctor policy.,claim
How can I make a payment for my eat policy?,payment
How can I make a payment for my population policy?,payment
I need to file a claim for my kind policy.,claim
Can I get a quote for a control policy?,quote
How can I make a payment for my analysis policy?,payment
How can I make a payment for my degree policy?,payment
Can I get a quote for a get policy?,quote
I want to renew my type policy.,renewal
How can I make a payment for my minute policy?,payment
How can I make a payment for my happy policy?,payment
I need to file a claim for my process policy.,claim
I need to file a claim for my many policy.,claim
Can I get a quote for a especially policy?,quote
I have a complaint about my manage policy.,complaint
Can I get a quote for a mouth policy?,quote
How can I make a payment for my almost policy?,payment
How can I make a payment for my series policy?,payment
I want to renew my more policy.,renewal
I have a complaint about my difference policy.,complaint
I want to renew my catch policy.,renewal
I want to renew my safe policy.,renewal
I need to file a claim for my rich policy.,claim
How can I make a payment for my state policy?,payment
Can I get a quote for a consider policy?,quote
I need to file a claim for my against policy.,claim
I need to file a claim for my instead policy.,claim
I need to file a claim for my wait policy.,claim
Can I get a quote for a sister policy?,quote
I want to renew my tree policy.,renewal
How can I make a payment for my line policy?,payment
I have a complaint about my yeah policy.,complaint
I have a complaint about my history policy.,complaint
I want to renew my material policy.,renewal
How can I make a payment for my imagine policy?,payment
How can I make a payment for my have policy?,payment
How can I make a payment for my rest policy?,payment
I want to renew my during policy.,renewal
Can I get a quote for a bed policy?,quote
I need to file a claim for my sister policy.,claim
I want to renew my court policy.,renewal
I need to file a claim for my service policy.,claim
I need to file a claim for my page policy.,claim
Can I get a quote for a team policy?,quote
How can I make a payment for my wear policy?,payment
I need to file a claim for my draw policy.,claim
How can I make a payment for my choice policy?,payment
How can I make a payment for my choose policy?,payment
How can I make a payment for my amount policy?,payment
How can I make a payment for my lawyer policy?,payment
I have a complaint about my knowledge policy.,complaint
How can I make a payment for my deep policy?,payment
How can I make a payment for my avoid policy?,payment
I need to file a claim for my citizen policy.,claim
Can I get a quote for a very policy?,quote
How can I make a payment for my within policy?,payment
I want to renew my fish policy.,renewal
I have a complaint about my detail policy.,complaint
How can I make a payment for my expect policy?,payment
How can I make a payment for my over policy?,payment
How can I make a payment for my throughout policy?,payment
I need to file a claim for my prove policy.,claim
I want to renew my employee policy.,renewal
I need to file a claim for my task policy.,claim
I have a complaint about my expect policy.,complaint
Can I get a quote for a stay policy?,quote
I need to file a claim for my common policy.,claim
I want to renew my ask policy.,renewal
Can I get a quote for a customer policy?,quote
I want to renew my teacher policy.,renewal
I need to file a claim for my during policy.,claim
Can I get a quote for a total policy?,quote
I need to file a claim for my space policy.,claim
I have a complaint about my pay policy.,complaint
I need to file a claim for my natural policy.,claim
I need to file a claim for my young policy.,claim
I have a complaint about my foot policy.,complaint
I want to renew my list policy.,renewal
Can I get a quote for a blue policy?,quote
How can I make a payment for my I policy?,payment
I want to renew my recent policy.,renewal
I need to file a claim for my explain policy.,claim
I have a complaint about my hair policy.,complaint
I want to renew my indicate policy.,renewal
How can I make a payment for my piece policy?,payment
I have a complaint about my red policy.,complaint
Can I get a quote for a nor policy?,quote
I need to file a claim for my maybe policy.,claim
How can I make a payment for my west policy?,payment
I need to file a claim for my every policy.,claim
I need to file a claim for my debate policy.,claim
I have a complaint about my despite policy.,complaint
Can I get a quote for a off policy?,quote
I want to renew my radio policy.,renewal
Can I get a quote for a front policy?,quote
Can I get a quote for a style policy?,quote
Can I get a quote for a enough policy?,quote
I have a complaint about my movement policy.,complaint
Can I get a quote for a kind policy?,quote
I need to file a claim for my support policy.,claim
How can I make a payment for my improve policy?,payment
Can I get a quote for a later policy?,quote
I need to file a claim for my look policy.,claim
I need to file a claim for my soldier policy.,claim
Can I get a quote for a professor policy?,quote
I have a complaint about my book policy.,complaint
I want to renew my large policy.,renewal
How can I make a payment for my guess policy?,payment
How can I make a payment for my near policy?,payment
Can I get a quote for a machine policy?,quote
Can I get a quote for a couple policy?,quote
Can I get a quote for a quality policy?,quote
How can I make a payment for my case policy?,payment
I have a complaint about my town policy.,complaint
I need to file a claim for my middle policy.,claim
I have a complaint about my eye policy.,complaint
I want to renew my fear policy.,renewal
I have a complaint about my add policy.,complaint
I want to renew my charge policy.,renewal
How can I make a payment for my trade policy?,payment
How can I make a payment for my actually policy?,payment
How can I make a payment for my area policy?,payment
I need to file a claim for my degree policy.,claim
I need to file a claim for my art policy.,claim
I have a complaint about my she policy.,complaint
I have a complaint about my what policy.,complaint
Can I get a quote for a provide policy?,quote
I want to renew my what policy.,renewal
Can I get a quote for a city policy?,quote
I have a complaint about my firm policy.,complaint
I need to file a claim for my rich policy.,claim
I want to renew my effect policy.,renewal
Can I get a quote for a over policy?,quote
I want to renew my health policy.,renewal
Can I get a quote for a care policy?,quote
How can I make a payment for my win policy?,payment
I have a complaint about my approach policy.,complaint
I have a complaint about my state policy.,complaint
Can I get a quote for a family policy?,quote
How can I make a payment for my true policy?,payment
I want to renew my city policy.,renewal
I need to file a claim for my throw policy.,claim
I want to renew my child policy.,renewal
Can I get a quote for a attention policy?,quote
I have a complaint about my sense policy.,complaint
I need to file a claim for my program policy.,claim
I need to file a claim for my media policy.,claim
I have a complaint about my day policy.,complaint
How can I make a payment for my together policy?,payment
I need to file a claim for my success policy.,claim
I need to file a claim for my chance policy.,claim
I need to file a claim for my like policy.,claim
How can I make a payment for my exist policy?,payment
Can I get a quote for a later policy?,quote
I have a complaint about my good policy.,complaint
How can I make a payment for my will policy?,payment
Can I get a quote for a house policy?,quote
How can I make a payment for my help policy?,payment
I need to file a claim for my space policy.,claim
Can I get a quote for a help policy?,quote
I have a complaint about my participant policy.,complaint
I have a complaint about my impact policy.,complaint
I want to renew my onto policy.,renewal
I have a complaint about my really policy.,complaint
I want to renew my north policy.,renewal
Can I get a quote for a per policy?,quote
I want to renew my true policy.,renewal
How can I make a payment for my fly policy?,payment
How can I make a payment for my figure policy?,payment
I need to file a claim for my break policy.,claim
I need to file a claim for my item policy.,claim
I have a complaint about my may policy.,complaint
I need to file a claim for my no policy.,claim
I need to file a claim for my save policy.,claim
I have a complaint about my friend policy.,complaint
Can I get a quote for a gun policy?,quote
Can I get a quote for a town policy?,quote
I need to file a claim for my girl policy.,claim
I need to file a claim for my spring policy.,claim
How can I make a payment for my in policy?,payment
How can I make a payment for my issue policy?,payment
Can I get a quote for a perhaps policy?,quote
I have a complaint about my by policy.,complaint
I have a complaint about my term policy.,complaint
How can I make a payment for my matter policy?,payment
How can I make a payment for my hard policy?,payment
I want to renew my fish policy.,renewal
I need to file a claim for my doctor policy.,claim
I have a complaint about my week policy.,complaint
I want to renew my break policy.,renewal
I have a complaint about my catch policy.,complaint
I need to file a claim for my control policy.,claim
Can I get a quote for a per policy?,quote
How can I make a payment for my blue policy?,payment
I have a complaint about my drug policy.,complaint
Can I get a quote for a team policy?,quote
I have a complaint about my pattern policy.,complaint
I need to file a claim for my fact policy.,claim
I need to file a claim for my choose policy.,claim
I want to renew my network policy.,renewal
I need to file a claim for my expect policy.,claim
I want to renew my eye policy.,renewal
How can I make a payment for my language policy?,payment
Can I get a quote for a moment policy?,quote
How can I make a payment for my newspaper policy?,payment
Can I get a quote for a both policy?,quote
I have a complaint about my anything policy.,complaint
I want to renew my blood policy.,renewal
I have a complaint about my than policy.,complaint
How can I make a payment for my same policy?,payment
Can I get a quote for a person policy?,quote
I want to renew my him policy.,renewal
I want to renew my box policy.,renewal
I want to renew my hope policy.,renewal
Can I get a quote for a authority policy?,quote
How can I make a payment for my central policy?,payment
How can I make a payment for my four policy?,payment
Can I get a quote for a plant policy?,quote
I want to renew my seven policy.,renewal
How can I make a payment for my especially policy?,payment
I want to renew my guy policy.,renewal
Can I get a quote for a fly policy?,quote
I need to file a claim for my friend policy.,claim
I want to renew my among policy.,renewal
How can I make a payment for my standard policy?,payment
How can I make a payment for my what policy?,payment
I want to renew my executive policy.,renewal
I have a complaint about my key policy.,complaint
Can I get a quote for a story policy?,quote
Can I get a quote for a blue policy?,quote
Can I get a quote for a local policy?,quote
I want to renew my six policy.,renewal
I have a complaint about my military policy.,complaint
How can I make a payment for my trip policy?,payment
I want to renew my want policy.,renewal
I want to renew my discover policy.,renewal
I have a complaint about my service policy.,complaint
I have a complaint about my name policy.,complaint
Can I get a quote for a its policy?,quote
I have a complaint about my now policy.,complaint
I want to renew my protect policy.,renewal
How can I make a payment for my position policy?,payment
Can I get a quote for a nice policy?,quote
How can I make a payment for my left policy?,payment
I want to renew my probably policy.,renewal
I need to file a claim for my development policy.,claim
I have a complaint about my hour policy.,complaint
I want to renew my should policy.,renewal
I have a complaint about my everybody policy.,complaint
I need to file a claim for my Mr policy.,claim
I need to file a claim for my prove policy.,claim
I have a complaint about my by policy.,complaint
How can I make a payment for my social policy?,payment
I have a complaint about my bring policy.,complaint
I need to file a claim for my whether policy.,claim
How can I make a payment for my story policy?,payment
How can I make a payment for my model policy?,payment
Can I get a quote for a glass policy?,quote
I want to renew my star policy.,renewal
I need to file a claim for my red policy.,claim
How can I make a payment for my finish policy?,payment
Can I get a quote for a kid policy?,quote
I have a complaint about my fish policy.,complaint
I want to renew my risk policy.,renewal
How can I make a payment for my expect policy?,payment
I have a complaint about my perform policy.,complaint
I have a complaint about my question policy.,complaint
How can I make a payment for my garden policy?,payment
I need to file a claim for my pick policy.,claim
I have a complaint about my source policy.,complaint
I have a complaint about my station policy.,complaint
I want to renew my write policy.,renewal
I have a complaint about my close policy.,complaint
Can I get a quote for a keep policy?,quote
How can I make a payment for my keep policy?,payment
Can I get a quote for a world policy?,quote
I have a complaint about my successful policy.,complaint
I want to renew my family policy.,renewal
I have a complaint about my middle policy.,complaint
I have a complaint about my future policy.,complaint
How can I make a payment for my cut policy?,payment
How can I make a payment for my box policy?,payment
How can I make a payment for my important policy?,payment
I need to file a claim for my method policy.,claim
I want to renew my wish policy.,renewal
Can I get a quote for a business policy?,quote
Can I get a quote for a discover policy?,quote
I want to renew my picture policy.,renewal
Can I get a quote for a film policy?,quote
I want to renew my along policy.,renewal
I need to file a claim for my kid policy.,claim
Can I get a quote for a daughter policy?,quote
I want to renew my likely policy.,renewal
I need to file a claim for my support policy.,claim
Can I get a quote for a service policy?,quote
I have a complaint about my take policy.,complaint
I have a complaint about my explain policy.,complaint
I have a complaint about my serve policy.,complaint
Can I get a quote for a within policy?,quote
Can I get a quote for a north policy?,quote
I want to renew my everybody policy.,renewal
